{
    "main_win": {
        "zoom1": 15,
        "east": 110.013647,
        "west": 109.942711,
        "north": 41.812581,
        "south": 41.787717,
        "zoom2": 17,
        "proj_folder": "E:\\",
		"proj_name": "baiyunebo"
    }
}